{
  "TaskId": 11,
  "Vector": [
    0.7798213,
    -0.29317468,
    -4.020736,
    -0.39891583,
    1.3319979,
    1.5837997,
    0.6253437,
    0.0757938,
    0.57487845,
    -0.3880234,
    0.8520796,
    1.2116563,
    0.96248806,
    -0.43104973,
    -0.9369885,
    0.5530642,
    0.59963727,
    -0.2921997,
    0.11117501,
    0.89211833,
    -0.05470342,
    -0.5247499,
    -1.9538778,
    -0.42474294,
    2.5170171,
    -0.15187758,
    -0.19453664,
    0.24889053,
    -0.7029848,
    -0.5090603,
    0.6199007,
    0.22242008,
    0.21897611,
    -0.47749698,
    -0.574902,
    -1.0159457,
    0.9226667,
    1.6373944,
    0.09726575,
    -0.100788675,
    -0.051174838,
    0.74065703,
    0.45913696,
    0.5955607,
    -0.38996416,
    0.9408655,
    0.17728555,
    0.8947647,
    1.0345987,
    -0.5392288,
    0.50248015,
    0.3914517,
    0.050520215,
    -0.2228987,
    1.086124,
    -0.1353879,
    -2.36062,
    -0.80658126,
    0.63672656,
    -1.3091719,
    0.043534525,
    -0.26128614,
    -0.9115531,
    -0.5612053,
    0.46588802,
    -0.92060214,
    -0.7714886,
    0.6917082,
    0.32474247,
    -0.80419123,
    1.8893311,
    -0.19125496,
    0.8759677,
    -0.77024573,
    -2.0050094,
    -0.60169274,
    -0.36419606,
    -1.5178982,
    -0.20373015,
    1.3640606,
    0.6819358,
    0.62501,
    0.8345036,
    0.35104457,
    0.5218459,
    0.7072147,
    -0.24579929,
    -0.26533595,
    -0.9351678,
    0.30930457,
    -0.038065996,
    0.2813513,
    -0.6037997,
    0.64289886,
    -1.0799959,
    -0.25681332,
    -0.40582177,
    1.282818,
    -0.07860121,
    -0.22406375,
    0.041008256,
    -0.9241497,
    0.5128183,
    -0.82830244,
    -0.50804627,
    1.1415371,
    0.52665365,
    0.07149979,
    0.5274871,
    -0.25093496,
    -1.3014723,
    0.7473483,
    -1.0110155,
    -0.023895668,
    0.62823105,
    0.25725043,
    0.2482179,
    -0.6882686,
    -0.56085694,
    -0.37624365,
    -0.0866338,
    -0.18973511,
    -0.06257191,
    0.14928518,
    -0.45576298,
    0.5411817,
    -1.6811975,
    0.23877414,
    0.031871274,
    0.18944928,
    0.12899557,
    0.4660158,
    -1.1395006,
    -0.713932,
    0.3240474,
    0.7416581,
    -0.15704776,
    0.4054999,
    -0.96839285,
    0.93204325,
    -0.1962428,
    0.053893592,
    -0.18958311,
    -0.06255269,
    0.5257388,
    -0.6580956,
    1.800807,
    -0.7779074,
    0.0404466,
    0.4141937,
    -0.09426918,
    0.61662066,
    1.2135335,
    -0.048406735,
    -0.2337698,
    -0.7243613,
    0.08344918,
    0.3828846,
    -0.45025098,
    0.953148,
    -0.44302103,
    -0.34027308,
    -1.2413845,
    0.6415855,
    0.28906533,
    0.3793492,
    0.4138571,
    1.701718,
    1.5364993,
    0.86150944,
    -1.638837,
    -0.20327018,
    0.49473146,
    -1.4556463,
    -1.5421938,
    0.24410747,
    -0.9001512,
    -1.4857,
    -0.22182177,
    -0.19138859,
    0.42362696,
    -0.35067216,
    0.09591299,
    1.1369569,
    0.58088714,
    0.16532147,
    1.4760497,
    -0.47767264,
    -0.44215107,
    -0.21386121,
    -0.13398536,
    0.8962887,
    -0.850872,
    -2.0385168,
    0.09589725,
    -1.1484693,
    0.85812765,
    -0.61447376,
    1.3323848,
    -0.5483299,
    0.3201202,
    -0.62936276,
    -0.40742016,
    0.2569812,
    0.09216376,
    0.5379366,
    -0.10313296,
    0.45494598,
    -0.18557455,
    1.0020008,
    0.8785965,
    0.5936733,
    0.19943446,
    0.0740767,
    0.867887,
    -1.0441171,
    0.56252813,
    -0.12379307,
    -1.151242,
    -0.19146338,
    0.24488357,
    -0.4481695,
    -0.6909039,
    -1.609773,
    0.37274706,
    -0.15324053,
    -0.7075303,
    -0.4431927,
    -0.25977415,
    -0.9275988,
    0.30402943,
    -2.2230427,
    0.8880673,
    -0.18196777,
    0.8217969,
    0.32790124,
    -1.0122063,
    -0.61577666,
    0.63391346,
    0.8418511,
    0.6582767,
    1.3611624,
    0.24596018,
    -0.5918686,
    0.5051679,
    -0.48489693,
    0.35351276,
    -0.34060982,
    -0.06284244,
    0.9789812,
    -0.6788051,
    0.7504667,
    0.59750795,
    0.9894929,
    0.70066875,
    0.3676093,
    -0.29681596,
    0.31943887,
    0.5108959,
    0.6772469,
    -0.6272841,
    -1.0986347,
    0.9114932,
    -0.34242487,
    -0.5224007,
    -0.61806405,
    -0.15825291,
    -0.91878784,
    -0.650999,
    -0.14731693,
    -0.20284483,
    -0.6558338,
    0.3914236,
    1.1719887,
    0.4962302,
    0.41882882,
    0.6295822,
    0.16102943,
    -0.3793692,
    -0.24886772,
    -1.4391075,
    -0.71114933,
    0.10859999,
    -0.086801216,
    1.0133287,
    0.9158408,
    0.86352205,
    -0.15355077,
    -0.6268073,
    0.87272614,
    -0.00804604,
    -0.44938162,
    -0.042432792,
    1.1192698,
    0.20386007,
    -0.50170213,
    0.013178401,
    -0.3205448,
    -0.5837582,
    0.19036376,
    0.5320526,
    0.07616343,
    0.3932191,
    -0.19395518,
    1.1701989,
    -0.36761525,
    0.5235919,
    -0.18072787,
    0.6783071,
    0.17327146,
    -0.13959438,
    -0.38619137,
    -1.651746,
    0.09769142,
    -1.053106,
    0.45011297,
    0.65149814,
    0.32081312,
    1.3126845,
    0.035876088,
    -0.46297094,
    -1.1909431,
    -0.938351,
    -0.98398995,
    0.04461846,
    1.019759,
    1.4005224,
    0.018893052,
    -0.740443,
    -0.1500912,
    0.6378937,
    0.9273961,
    0.38023105,
    -0.02319591,
    -0.19423759,
    0.82086873,
    -0.40950507,
    0.81094,
    -0.23462656,
    -0.61289656,
    1.1308547,
    -0.28290567,
    -0.5494199,
    -1.0511757,
    -0.15040174,
    -1.9354829,
    -0.28422925,
    0.3003071,
    0.115282446,
    0.37828007,
    -0.006527295,
    0.25485638,
    -0.86753577,
    0.38930506,
    0.49339762,
    -0.26575363,
    0.23548271,
    0.35210037,
    0.76157165,
    -0.6659968,
    -0.07479845,
    -0.3020002,
    -0.37701562,
    -1.4783252,
    -0.34739026,
    0.23702936,
    0.26054057,
    0.48990685,
    1.2262788,
    -0.029127887,
    -0.40414807,
    -0.7437494,
    -0.32233942,
    1.1739776,
    0.9485254,
    -0.06716539,
    -0.75224453,
    0.31193557,
    -0.94949967,
    1.2300901,
    0.37095052,
    -1.3112198,
    0.52184135,
    0.3102544,
    0.34406593,
    -0.6448799,
    0.67277443,
    0.04592648,
    -0.6497011,
    -0.08037476,
    -0.9822653,
    -0.5312296,
    -1.2898283,
    0.21902385,
    0.31623262,
    -1.4776865,
    2.125708,
    -0.5970799,
    -0.25579986,
    0.7875928,
    -0.23593241,
    -0.98795867,
    0.28696355,
    0.8716559,
    -1.211317,
    0.3877635,
    -0.6713891,
    -1.1426188,
    0.1448201,
    -0.3722718,
    0.3292463,
    0.23738153,
    0.4989781,
    -1.7216873,
    -0.013713509,
    -0.08023706,
    0.80682045,
    0.27318054,
    -1.2044475,
    0.560158,
    1.1012665,
    0.07297233,
    -0.7341674,
    0.24020194,
    -0.5212555,
    0.24552415,
    0.9993587,
    0.6249641,
    -0.5925587,
    -0.8659092,
    0.76049507,
    0.00015592936,
    -0.4817904,
    -0.49524748,
    0.16371596,
    0.5822819,
    -0.21401569,
    1.689557,
    -0.7183859,
    0.17903757,
    0.918035,
    -0.5385874,
    -1.1088951,
    0.077074,
    -0.255272,
    2.4351656,
    0.54300475,
    -0.8519318,
    0.70336205,
    0.9909517,
    -0.13114704,
    -0.14003202,
    -0.27139962,
    1.782106,
    0.16520351,
    0.10104993,
    -0.0011617171,
    -0.11571327,
    0.17251658,
    0.31636184,
    -1.3339139,
    0.5890091,
    -0.10686559,
    -0.6059103,
    0.623255,
    -0.5291596,
    0.23884499,
    -0.6706533,
    0.46911472,
    0.66137326,
    -0.29437262,
    -0.2985713,
    0.9961532,
    -0.4466882,
    -0.76448804,
    -0.21461804,
    0.54298866,
    0.6498334,
    -0.78644323,
    0.21194872,
    1.8634975,
    -0.33833236,
    -1.3226036,
    0.009117049,
    0.010827455,
    -0.4802364,
    -0.6741083,
    -0.08048721,
    0.56282747,
    -0.098770715,
    0.7409089,
    0.91381437,
    1.103111,
    -0.22055876,
    -1.0116048,
    -0.43401983,
    -0.8084331,
    0.04914513,
